0, 0, 0, 0, 0, 0, 1.989e30, Sun, gold, visible
57909227e3, 0, 0, 0, 47.36e3, 0, 3.33022e23, Mercury, tan, visible
107476259e3, 0, 0, 0, 35.02e3, 0, 4.8675e24, Venus, sandybrown, visible
152098232e3, 0, 0, 0, 29783, 0, 5.9726e24, Earth, deepskyblue, visible
2.2794382e11, 0, 0, 0, 24.077e3, 0, 6.4171e23, Mars, firebrick, visible
7.785472e11, 0, 0, 0, 13.07e3, 0, 1.8986e27, Jupyter, goldenrod, visible